alpha_3,code,flag,name,percentage,visitors,agency
ITA,IT,ğŸ‡®ğŸ‡¹,Italy,44,15,FAO
USA,US,ğŸ‡ºğŸ‡¸,United States,9,3,FAO
DEU,DE,ğŸ‡©ğŸ‡ª,Germany,9,3,FAO
NLD,NL,ğŸ‡³ğŸ‡±,Netherlands,9,3,FAO
COL,CO,ğŸ‡¨ğŸ‡´,Colombia,6,2,FAO
GBR,GB,ğŸ‡¬ğŸ‡§,United Kingdom,6,2,FAO
NGA,NG,ğŸ‡³ğŸ‡¬,Nigeria,6,2,FAO
KEN,KE,ğŸ‡°ğŸ‡ª,Kenya,3,1,FAO
ESP,ES,ğŸ‡ªğŸ‡¸,Spain,3,1,FAO
SWE,SE,ğŸ‡¸ğŸ‡ª,Sweden,3,1,FAO
JPN,JP,ğŸ‡¯ğŸ‡µ,Japan,3,1,FAO
USA,US,ğŸ‡ºğŸ‡¸,United States,46,6,FAO
ITA,IT,ğŸ‡®ğŸ‡¹,Italy,15,2,FAO
SSD,SS,ğŸ‡¸ğŸ‡¸,South Sudan,8,1,FAO
ZAF,ZA,ğŸ‡¿ğŸ‡¦,South Africa,8,1,FAO
VNM,VN,ğŸ‡»ğŸ‡³,Vietnam,8,1,FAO
GBR,GB,ğŸ‡¬ğŸ‡§,United Kingdom,8,1,FAO
GTM,GT,ğŸ‡¬ğŸ‡¹,Guatemala,8,1,FAO
ITA,IT,ğŸ‡®ğŸ‡¹,Italy,25,21,FAO
USA,US,ğŸ‡ºğŸ‡¸,United States,18,15,FAO
NLD,NL,ğŸ‡³ğŸ‡±,Netherlands,12,10,FAO
SWE,SE,ğŸ‡¸ğŸ‡ª,Sweden,6,5,FAO
DEU,DE,ğŸ‡©ğŸ‡ª,Germany,5,4,FAO
BGD,BD,ğŸ‡§ğŸ‡©,Bangladesh,4,3,FAO
ECU,EC,ğŸ‡ªğŸ‡¨,Ecuador,4,3,FAO
PHL,PH,ğŸ‡µğŸ‡­,Philippines,2,2,FAO
CAN,CA,ğŸ‡¨ğŸ‡¦,Canada,2,2,FAO
GBR,GB,ğŸ‡¬ğŸ‡§,United Kingdom,2,2,FAO
MMR,MM,ğŸ‡²ğŸ‡²,Myanmar,2,2,FAO
URY,UY,ğŸ‡ºğŸ‡¾,Uruguay,2,2,FAO
SSD,SS,ğŸ‡¸ğŸ‡¸,South Sudan,1,1,FAO
ZAF,ZA,ğŸ‡¿ğŸ‡¦,South Africa,1,1,FAO
NGA,NG,ğŸ‡³ğŸ‡¬,Nigeria,1,1,FAO
AUS,AU,ğŸ‡¦ğŸ‡º,Australia,1,1,FAO
SLV,SV,ğŸ‡¸ğŸ‡»,El Salvador,1,1,FAO
VNM,VN,ğŸ‡»ğŸ‡³,Vietnam,1,1,FAO
ESP,ES,ğŸ‡ªğŸ‡¸,Spain,1,1,FAO
PRY,PY,ğŸ‡µğŸ‡¾,Paraguay,1,1,FAO
BOL,BO,ğŸ‡§ğŸ‡´,Bolivia,1,1,FAO
TUR,TR,ğŸ‡¹ğŸ‡·,Turkey,1,1,FAO
RWA,RW,ğŸ‡·ğŸ‡¼,Rwanda,1,1,FAO
JPN,JP,ğŸ‡¯ğŸ‡µ,Japan,1,1,FAO
AUT,AT,ğŸ‡¦ğŸ‡¹,Austria,43,6,IFAD
ITA,IT,ğŸ‡®ğŸ‡¹,Italy,29,4,IFAD
NLD,NL,ğŸ‡³ğŸ‡±,Netherlands,14,2,IFAD
GBR,GB,ğŸ‡¬ğŸ‡§,United Kingdom,7,1,IFAD
USA,US,ğŸ‡ºğŸ‡¸,United States,7,1,IFAD
ITA,IT,ğŸ‡®ğŸ‡¹,Italy,23,5,IFAD
GBR,GB,ğŸ‡¬ğŸ‡§,United Kingdom,18,4,IFAD
RUS,RU,ğŸ‡·ğŸ‡º,Russian Federation,9,2,IFAD
USA,US,ğŸ‡ºğŸ‡¸,United States,9,2,IFAD
VEN,VE,ğŸ‡»ğŸ‡ª,Venezuela,5,1,IFAD
IND,IN,ğŸ‡®ğŸ‡³,India,5,1,IFAD
COL,CO,ğŸ‡¨ğŸ‡´,Colombia,5,1,IFAD
TZA,TZ,ğŸ‡¹ğŸ‡¿,Tanzania,5,1,IFAD
ECU,EC,ğŸ‡ªğŸ‡¨,Ecuador,5,1,IFAD
HND,HN,ğŸ‡­ğŸ‡³,Honduras,5,1,IFAD
TGO,TG,ğŸ‡¹ğŸ‡¬,Togo,5,1,IFAD
CAN,CA,ğŸ‡¨ğŸ‡¦,Canada,5,1,IFAD
HKG,HK,ğŸ‡­ğŸ‡°,Hong Kong,5,1,IFAD
ITA,IT,ğŸ‡®ğŸ‡¹,Italy,21,6,IFAD
USA,US,ğŸ‡ºğŸ‡¸,United States,18,5,IFAD
AUT,AT,ğŸ‡¦ğŸ‡¹,Austria,14,4,IFAD
FIN,FI,ğŸ‡«ğŸ‡®,Finland,7,2,IFAD
TUR,TR,ğŸ‡¹ğŸ‡·,Turkey,7,2,IFAD
COD,CD,ğŸ‡¨ğŸ‡©,"Congo, The Democratic Republic of the",7,2,IFAD
GBR,GB,ğŸ‡¬ğŸ‡§,United Kingdom,4,1,IFAD
NLD,NL,ğŸ‡³ğŸ‡±,Netherlands,4,1,IFAD
MNG,MN,ğŸ‡²ğŸ‡³,Mongolia,4,1,IFAD
CHN,CN,ğŸ‡¨ğŸ‡³,China,4,1,IFAD
HND,HN,ğŸ‡­ğŸ‡³,Honduras,4,1,IFAD
ESP,ES,ğŸ‡ªğŸ‡¸,Spain,4,1,IFAD
RUS,RU,ğŸ‡·ğŸ‡º,Russian Federation,4,1,IFAD
CHE,CH,ğŸ‡¨ğŸ‡­,Switzerland,55,11,ILO
IND,IN,ğŸ‡®ğŸ‡³,India,15,3,ILO
NLD,NL,ğŸ‡³ğŸ‡±,Netherlands,15,3,ILO
SWE,SE,ğŸ‡¸ğŸ‡ª,Sweden,5,1,ILO
FIN,FI,ğŸ‡«ğŸ‡®,Finland,5,1,ILO
FRA,FR,ğŸ‡«ğŸ‡·,France,5,1,ILO
PAK,PK,ğŸ‡µğŸ‡°,Pakistan,50,1,ILO
CHE,CH,ğŸ‡¨ğŸ‡­,Switzerland,50,1,ILO
CHE,CH,ğŸ‡¨ğŸ‡­,Switzerland,58,15,ILO
IND,IN,ğŸ‡®ğŸ‡³,India,12,3,ILO
DEU,DE,ğŸ‡©ğŸ‡ª,Germany,4,1,ILO
MNG,MN,ğŸ‡²ğŸ‡³,Mongolia,4,1,ILO
KEN,KE,ğŸ‡°ğŸ‡ª,Kenya,4,1,ILO
NLD,NL,ğŸ‡³ğŸ‡±,Netherlands,4,1,ILO
SWE,SE,ğŸ‡¸ğŸ‡ª,Sweden,4,1,ILO
TUR,TR,ğŸ‡¹ğŸ‡·,Turkey,4,1,ILO
ISR,IL,ğŸ‡®ğŸ‡±,Israel,4,1,ILO
PAK,PK,ğŸ‡µğŸ‡°,Pakistan,4,1,ILO
CHE,CH,ğŸ‡¨ğŸ‡­,Switzerland,70,7,ITC
NLD,NL,ğŸ‡³ğŸ‡±,Netherlands,10,1,ITC
NGA,NG,ğŸ‡³ğŸ‡¬,Nigeria,10,1,ITC
CHN,CN,ğŸ‡¨ğŸ‡³,China,10,1,ITC
KEN,KE,ğŸ‡°ğŸ‡ª,Kenya,100,1,ITC
KEN,KE,ğŸ‡°ğŸ‡ª,Kenya,23,3,ITC
NLD,NL,ğŸ‡³ğŸ‡±,Netherlands,23,3,ITC
USA,US,ğŸ‡ºğŸ‡¸,United States,15,2,ITC
JOR,JO,ğŸ‡¯ğŸ‡´,Jordan,8,1,ITC
CHE,CH,ğŸ‡¨ğŸ‡­,Switzerland,8,1,ITC
SGP,SG,ğŸ‡¸ğŸ‡¬,Singapore,8,1,ITC
NGA,NG,ğŸ‡³ğŸ‡¬,Nigeria,8,1,ITC
ZAF,ZA,ğŸ‡¿ğŸ‡¦,South Africa,8,1,ITC
KEN,KE,ğŸ‡°ğŸ‡ª,Kenya,75,6,UNEP
NLD,NL,ğŸ‡³ğŸ‡±,Netherlands,13,1,UNEP
FIN,FI,ğŸ‡«ğŸ‡®,Finland,13,1,UNEP
SWE,SE,ğŸ‡¸ğŸ‡ª,Sweden,21,3,UNEP
KEN,KE,ğŸ‡°ğŸ‡ª,Kenya,14,2,UNEP
RWA,RW,ğŸ‡·ğŸ‡¼,Rwanda,7,1,UNEP
DEU,DE,ğŸ‡©ğŸ‡ª,Germany,7,1,UNEP
MNG,MN,ğŸ‡²ğŸ‡³,Mongolia,7,1,UNEP
ESP,ES,ğŸ‡ªğŸ‡¸,Spain,7,1,UNEP
EGY,EG,ğŸ‡ªğŸ‡¬,Egypt,7,1,UNEP
USA,US,ğŸ‡ºğŸ‡¸,United States,7,1,UNEP
RUS,RU,ğŸ‡·ğŸ‡º,Russian Federation,7,1,UNEP
POL,PL,ğŸ‡µğŸ‡±,Poland,7,1,UNEP
AUS,AU,ğŸ‡¦ğŸ‡º,Australia,7,1,UNEP
CHE,CH,ğŸ‡¨ğŸ‡­,Switzerland,36,4,UNAIDS
NOR,NO,ğŸ‡³ğŸ‡´,Norway,18,2,UNAIDS
NLD,NL,ğŸ‡³ğŸ‡±,Netherlands,18,2,UNAIDS
DEU,DE,ğŸ‡©ğŸ‡ª,Germany,18,2,UNAIDS
ARE,AE,ğŸ‡¦ğŸ‡ª,United Arab Emirates,9,1,UNAIDS
DEU,DE,ğŸ‡©ğŸ‡ª,Germany,100,1,UNAIDS
NLD,NL,ğŸ‡³ğŸ‡±,Netherlands,100,1,UNCDF
CHE,CH,ğŸ‡¨ğŸ‡­,Switzerland,100,1,UNCDF
USA,US,ğŸ‡ºğŸ‡¸,United States,100,1,UNCDF
NLD,NL,ğŸ‡³ğŸ‡±,Netherlands,67,2,UNDCO
USA,US,ğŸ‡ºğŸ‡¸,United States,33,1,UNDCO
NLD,NL,ğŸ‡³ğŸ‡±,Netherlands,25,1,UNDCO
BLR,BY,ğŸ‡§ğŸ‡¾,Belarus,25,1,UNDCO
GTM,GT,ğŸ‡¬ğŸ‡¹,Guatemala,25,1,UNDCO
MNG,MN,ğŸ‡²ğŸ‡³,Mongolia,25,1,UNDCO
USA,US,ğŸ‡ºğŸ‡¸,United States,43,9,UNDP
SWE,SE,ğŸ‡¸ğŸ‡ª,Sweden,19,4,UNDP
DEU,DE,ğŸ‡©ğŸ‡ª,Germany,10,2,UNDP
NLD,NL,ğŸ‡³ğŸ‡±,Netherlands,10,2,UNDP
KEN,KE,ğŸ‡°ğŸ‡ª,Kenya,5,1,UNDP
GBR,GB,ğŸ‡¬ğŸ‡§,United Kingdom,5,1,UNDP
DNK,DK,ğŸ‡©ğŸ‡°,Denmark,5,1,UNDP
CYP,CY,ğŸ‡¨ğŸ‡¾,Cyprus,5,1,UNDP
USA,US,ğŸ‡ºğŸ‡¸,United States,30,3,UNDP
GBR,GB,ğŸ‡¬ğŸ‡§,United Kingdom,20,2,UNDP
BRA,BR,ğŸ‡§ğŸ‡·,Brazil,10,1,UNDP
EGY,EG,ğŸ‡ªğŸ‡¬,Egypt,10,1,UNDP
PRY,PY,ğŸ‡µğŸ‡¾,Paraguay,10,1,UNDP
THA,TH,ğŸ‡¹ğŸ‡­,Thailand,10,1,UNDP
AUS,AU,ğŸ‡¦ğŸ‡º,Australia,10,1,UNDP
NLD,NL,ğŸ‡³ğŸ‡±,Netherlands,19,27,UNDP
USA,US,ğŸ‡ºğŸ‡¸,United States,13,19,UNDP
GBR,GB,ğŸ‡¬ğŸ‡§,United Kingdom,10,14,UNDP
SWE,SE,ğŸ‡¸ğŸ‡ª,Sweden,6,9,UNDP
DEU,DE,ğŸ‡©ğŸ‡ª,Germany,4,6,UNDP
PRY,PY,ğŸ‡µğŸ‡¾,Paraguay,3,5,UNDP
CHE,CH,ğŸ‡¨ğŸ‡­,Switzerland,3,4,UNDP
YEM,YE,ğŸ‡¾ğŸ‡ª,Yemen,3,4,UNDP
KEN,KE,ğŸ‡°ğŸ‡ª,Kenya,2,3,UNDP
BRA,BR,ğŸ‡§ğŸ‡·,Brazil,2,3,UNDP
LBR,LR,ğŸ‡±ğŸ‡·,Liberia,2,3,UNDP
DNK,DK,ğŸ‡©ğŸ‡°,Denmark,2,3,UNDP
COL,CO,ğŸ‡¨ğŸ‡´,Colombia,1,2,UNDP
PAK,PK,ğŸ‡µğŸ‡°,Pakistan,1,2,UNDP
COD,CD,ğŸ‡¨ğŸ‡©,"Congo, The Democratic Republic of the",1,2,UNDP
KOR,KR,ğŸ‡°ğŸ‡·,South Korea,1,2,UNDP
FRA,FR,ğŸ‡«ğŸ‡·,France,1,2,UNDP
UKR,UA,ğŸ‡ºğŸ‡¦,Ukraine,1,2,UNDP
EGY,EG,ğŸ‡ªğŸ‡¬,Egypt,1,2,UNDP
AUT,AT,ğŸ‡¦ğŸ‡¹,Austria,1,2,UNDP
JPN,JP,ğŸ‡¯ğŸ‡µ,Japan,1,1,UNDP
POL,PL,ğŸ‡µğŸ‡±,Poland,1,1,UNDP
CHN,CN,ğŸ‡¨ğŸ‡³,China,1,1,UNDP
AUS,AU,ğŸ‡¦ğŸ‡º,Australia,1,1,UNDP
GEO,GE,ğŸ‡¬ğŸ‡ª,Georgia,1,1,UNDP
BRB,BB,ğŸ‡§ğŸ‡§,Barbados,1,1,UNDP
BLR,BY,ğŸ‡§ğŸ‡¾,Belarus,1,1,UNDP
SEN,SN,ğŸ‡¸ğŸ‡³,Senegal,1,1,UNDP
MNG,MN,ğŸ‡²ğŸ‡³,Mongolia,1,1,UNDP
BEL,BE,ğŸ‡§ğŸ‡ª,Belgium,1,1,UNDP
NGA,NG,ğŸ‡³ğŸ‡¬,Nigeria,1,1,UNDP
LBY,LY,ğŸ‡±ğŸ‡¾,Libya,1,1,UNDP
IRL,IE,ğŸ‡®ğŸ‡ª,Ireland,1,1,UNDP
CAN,CA,ğŸ‡¨ğŸ‡¦,Canada,1,1,UNDP
BIH,BA,ğŸ‡§ğŸ‡¦,Bosnia and Herzegovina,1,1,UNDP
AZE,AZ,ğŸ‡¦ğŸ‡¿,Azerbaijan,1,1,UNDP
MMR,MM,ğŸ‡²ğŸ‡²,Myanmar,1,1,UNDP
TUR,TR,ğŸ‡¹ğŸ‡·,Turkey,1,1,UNDP
ISR,IL,ğŸ‡®ğŸ‡±,Israel,1,1,UNDP
IDN,ID,ğŸ‡®ğŸ‡©,Indonesia,1,1,UNDP
MKD,MK,ğŸ‡²ğŸ‡°,North Macedonia,1,1,UNDP
NOR,NO,ğŸ‡³ğŸ‡´,Norway,1,1,UNDP
MEX,MX,ğŸ‡²ğŸ‡½,Mexico,1,1,UNDP
ESP,ES,ğŸ‡ªğŸ‡¸,Spain,1,1,UNDP
ITA,IT,ğŸ‡®ğŸ‡¹,Italy,1,1,UNDP
TUN,TN,ğŸ‡¹ğŸ‡³,Tunisia,1,1,UNDP
FIN,FI,ğŸ‡«ğŸ‡®,Finland,1,1,UNDP
CYP,CY,ğŸ‡¨ğŸ‡¾,Cyprus,1,1,UNDP
DEU,DE,ğŸ‡©ğŸ‡ª,Germany,67,2,UNESCO
NLD,NL,ğŸ‡³ğŸ‡±,Netherlands,33,1,UNESCO
SWE,SE,ğŸ‡¸ğŸ‡ª,Sweden,100,1,UNESCO
KEN,KE,ğŸ‡°ğŸ‡ª,Kenya,25,2,UNESCO
GBR,GB,ğŸ‡¬ğŸ‡§,United Kingdom,25,2,UNESCO
DEU,DE,ğŸ‡©ğŸ‡ª,Germany,25,2,UNESCO
SWE,SE,ğŸ‡¸ğŸ‡ª,Sweden,13,1,UNESCO
NLD,NL,ğŸ‡³ğŸ‡±,Netherlands,13,1,UNESCO
USA,US,ğŸ‡ºğŸ‡¸,United States,38,3,UNFPA
NLD,NL,ğŸ‡³ğŸ‡±,Netherlands,25,2,UNFPA
GBR,GB,ğŸ‡¬ğŸ‡§,United Kingdom,13,1,UNFPA
NZL,NZ,ğŸ‡³ğŸ‡¿,New Zealand,13,1,UNFPA
DEU,DE,ğŸ‡©ğŸ‡ª,Germany,13,1,UNFPA
DEU,DE,ğŸ‡©ğŸ‡ª,Germany,25,1,UNFPA
YEM,YE,ğŸ‡¾ğŸ‡ª,Yemen,25,1,UNFPA
USA,US,ğŸ‡ºğŸ‡¸,United States,25,1,UNFPA
GBR,GB,ğŸ‡¬ğŸ‡§,United Kingdom,25,1,UNFPA
GBR,GB,ğŸ‡¬ğŸ‡§,United Kingdom,19,3,UNFPA
DEU,DE,ğŸ‡©ğŸ‡ª,Germany,13,2,UNFPA
JPN,JP,ğŸ‡¯ğŸ‡µ,Japan,13,2,UNFPA
YEM,YE,ğŸ‡¾ğŸ‡ª,Yemen,13,2,UNFPA
MNG,MN,ğŸ‡²ğŸ‡³,Mongolia,6,1,UNFPA
KEN,KE,ğŸ‡°ğŸ‡ª,Kenya,6,1,UNFPA
FRA,FR,ğŸ‡«ğŸ‡·,France,6,1,UNFPA
PRY,PY,ğŸ‡µğŸ‡¾,Paraguay,6,1,UNFPA
USA,US,ğŸ‡ºğŸ‡¸,United States,6,1,UNFPA
TUR,TR,ğŸ‡¹ğŸ‡·,Turkey,6,1,UNFPA
TZA,TZ,ğŸ‡¹ğŸ‡¿,Tanzania,6,1,UNFPA
CHE,CH,ğŸ‡¨ğŸ‡­,Switzerland,40,10,UNHCR
DEU,DE,ğŸ‡©ğŸ‡ª,Germany,20,5,UNHCR
NLD,NL,ğŸ‡³ğŸ‡±,Netherlands,8,2,UNHCR
AUS,AU,ğŸ‡¦ğŸ‡º,Australia,8,2,UNHCR
TUR,TR,ğŸ‡¹ğŸ‡·,Turkey,4,1,UNHCR
GBR,GB,ğŸ‡¬ğŸ‡§,United Kingdom,4,1,UNHCR
USA,US,ğŸ‡ºğŸ‡¸,United States,4,1,UNHCR
SWE,SE,ğŸ‡¸ğŸ‡ª,Sweden,4,1,UNHCR
PHL,PH,ğŸ‡µğŸ‡­,Philippines,4,1,UNHCR
DNK,DK,ğŸ‡©ğŸ‡°,Denmark,4,1,UNHCR
BGR,BG,ğŸ‡§ğŸ‡¬,Bulgaria,11,1,UNHCR
CHE,CH,ğŸ‡¨ğŸ‡­,Switzerland,11,1,UNHCR
NLD,NL,ğŸ‡³ğŸ‡±,Netherlands,11,1,UNHCR
AUT,AT,ğŸ‡¦ğŸ‡¹,Austria,11,1,UNHCR
RUS,RU,ğŸ‡·ğŸ‡º,Russian Federation,11,1,UNHCR
IRQ,IQ,ğŸ‡®ğŸ‡¶,Iraq,11,1,UNHCR
BGD,BD,ğŸ‡§ğŸ‡©,Bangladesh,11,1,UNHCR
USA,US,ğŸ‡ºğŸ‡¸,United States,11,1,UNHCR
LBY,LY,ğŸ‡±ğŸ‡¾,Libya,11,1,UNHCR
CHE,CH,ğŸ‡¨ğŸ‡­,Switzerland,56,22,UNHCR
FRA,FR,ğŸ‡«ğŸ‡·,France,10,4,UNHCR
TUR,TR,ğŸ‡¹ğŸ‡·,Turkey,8,3,UNHCR
USA,US,ğŸ‡ºğŸ‡¸,United States,5,2,UNHCR
PHL,PH,ğŸ‡µğŸ‡­,Philippines,5,2,UNHCR
SWE,SE,ğŸ‡¸ğŸ‡ª,Sweden,3,1,UNHCR
AUT,AT,ğŸ‡¦ğŸ‡¹,Austria,3,1,UNHCR
GBR,GB,ğŸ‡¬ğŸ‡§,United Kingdom,3,1,UNHCR
SDN,SD,ğŸ‡¸ğŸ‡©,Sudan,3,1,UNHCR
LBY,LY,ğŸ‡±ğŸ‡¾,Libya,3,1,UNHCR
DNK,DK,ğŸ‡©ğŸ‡°,Denmark,3,1,UNHCR
USA,US,ğŸ‡ºğŸ‡¸,United States,25,9,UNICEF
DEU,DE,ğŸ‡©ğŸ‡ª,Germany,14,5,UNICEF
IND,IN,ğŸ‡®ğŸ‡³,India,11,4,UNICEF
CHE,CH,ğŸ‡¨ğŸ‡­,Switzerland,11,4,UNICEF
AUS,AU,ğŸ‡¦ğŸ‡º,Australia,8,3,UNICEF
GBR,GB,ğŸ‡¬ğŸ‡§,United Kingdom,6,2,UNICEF
NLD,NL,ğŸ‡³ğŸ‡±,Netherlands,6,2,UNICEF
SEN,SN,ğŸ‡¸ğŸ‡³,Senegal,6,2,UNICEF
ROU,RO,ğŸ‡·ğŸ‡´,Romania,3,1,UNICEF
EGY,EG,ğŸ‡ªğŸ‡¬,Egypt,3,1,UNICEF
NPL,NP,ğŸ‡³ğŸ‡µ,Nepal,3,1,UNICEF
ARE,AE,ğŸ‡¦ğŸ‡ª,United Arab Emirates,3,1,UNICEF
IRL,IE,ğŸ‡®ğŸ‡ª,Ireland,3,1,UNICEF
USA,US,ğŸ‡ºğŸ‡¸,United States,33,4,UNICEF
GBR,GB,ğŸ‡¬ğŸ‡§,United Kingdom,17,2,UNICEF
KEN,KE,ğŸ‡°ğŸ‡ª,Kenya,8,1,UNICEF
SWE,SE,ğŸ‡¸ğŸ‡ª,Sweden,8,1,UNICEF
ISR,IL,ğŸ‡®ğŸ‡±,Israel,8,1,UNICEF
YEM,YE,ğŸ‡¾ğŸ‡ª,Yemen,8,1,UNICEF
TZA,TZ,ğŸ‡¹ğŸ‡¿,Tanzania,8,1,UNICEF
IRL,IE,ğŸ‡®ğŸ‡ª,Ireland,8,1,UNICEF
FRA,FR,ğŸ‡«ğŸ‡·,France,100,1,UNICEF
POL,PL,ğŸ‡µğŸ‡±,Poland,50,1,UNIDO
NLD,NL,ğŸ‡³ğŸ‡±,Netherlands,50,1,UNIDO
UZB,UZ,ğŸ‡ºğŸ‡¿,Uzbekistan,50,1,UNIDO
ETH,ET,ğŸ‡ªğŸ‡¹,Ethiopia,50,1,UNIDO
USA,US,ğŸ‡ºğŸ‡¸,United States,22,4,UNIDO
UZB,UZ,ğŸ‡ºğŸ‡¿,Uzbekistan,17,3,UNIDO
ETH,ET,ğŸ‡ªğŸ‡¹,Ethiopia,11,2,UNIDO
KEN,KE,ğŸ‡°ğŸ‡ª,Kenya,11,2,UNIDO
DEU,DE,ğŸ‡©ğŸ‡ª,Germany,6,1,UNIDO
BGR,BG,ğŸ‡§ğŸ‡¬,Bulgaria,6,1,UNIDO
AZE,AZ,ğŸ‡¦ğŸ‡¿,Azerbaijan,6,1,UNIDO
TUR,TR,ğŸ‡¹ğŸ‡·,Turkey,6,1,UNIDO
EGY,EG,ğŸ‡ªğŸ‡¬,Egypt,6,1,UNIDO
TWN,TW,ğŸ‡¹ğŸ‡¼,Taiwan,6,1,UNIDO
BRA,BR,ğŸ‡§ğŸ‡·,Brazil,6,1,UNIDO
DEU,DE,ğŸ‡©ğŸ‡ª,Germany,40,2,UNOCHA
USA,US,ğŸ‡ºğŸ‡¸,United States,20,1,UNOCHA
GBR,GB,ğŸ‡¬ğŸ‡§,United Kingdom,20,1,UNOCHA
NLD,NL,ğŸ‡³ğŸ‡±,Netherlands,20,1,UNOCHA
GBR,GB,ğŸ‡¬ğŸ‡§,United Kingdom,100,1,UNOCHA
USA,US,ğŸ‡ºğŸ‡¸,United States,50,1,UNOCHA
LBY,LY,ğŸ‡±ğŸ‡¾,Libya,50,1,UNOCHA
DNK,DK,ğŸ‡©ğŸ‡°,Denmark,33,2,UNOPS
NLD,NL,ğŸ‡³ğŸ‡±,Netherlands,33,2,UNOPS
USA,US,ğŸ‡ºğŸ‡¸,United States,17,1,UNOPS
GBR,GB,ğŸ‡¬ğŸ‡§,United Kingdom,17,1,UNOPS
DEU,DE,ğŸ‡©ğŸ‡ª,Germany,100,1,UNOPS
GBR,GB,ğŸ‡¬ğŸ‡§,United Kingdom,27,4,UNOPS
DNK,DK,ğŸ‡©ğŸ‡°,Denmark,27,4,UNOPS
MNG,MN,ğŸ‡²ğŸ‡³,Mongolia,13,2,UNOPS
USA,US,ğŸ‡ºğŸ‡¸,United States,7,1,UNOPS
SWE,SE,ğŸ‡¸ğŸ‡ª,Sweden,7,1,UNOPS
FRA,FR,ğŸ‡«ğŸ‡·,France,7,1,UNOPS
CHN,CN,ğŸ‡¨ğŸ‡³,China,7,1,UNOPS
NLD,NL,ğŸ‡³ğŸ‡±,Netherlands,7,1,UNOPS
DEU,DE,ğŸ‡©ğŸ‡ª,Germany,22,2,UNRWA
JOR,JO,ğŸ‡¯ğŸ‡´,Jordan,22,2,UNRWA
ESP,ES,ğŸ‡ªğŸ‡¸,Spain,11,1,UNRWA
NLD,NL,ğŸ‡³ğŸ‡±,Netherlands,11,1,UNRWA
AUT,AT,ğŸ‡¦ğŸ‡¹,Austria,11,1,UNRWA
ITA,IT,ğŸ‡®ğŸ‡¹,Italy,11,1,UNRWA
DNK,DK,ğŸ‡©ğŸ‡°,Denmark,11,1,UNRWA
PSE,PS,ğŸ‡µğŸ‡¸,"Palestine, State of",20,1,UNRWA
JOR,JO,ğŸ‡¯ğŸ‡´,Jordan,20,1,UNRWA
FRA,FR,ğŸ‡«ğŸ‡·,France,20,1,UNRWA
ITA,IT,ğŸ‡®ğŸ‡¹,Italy,20,1,UNRWA
DNK,DK,ğŸ‡©ğŸ‡°,Denmark,20,1,UNRWA
USA,US,ğŸ‡ºğŸ‡¸,United States,40,4,UN-WOMEN
DEU,DE,ğŸ‡©ğŸ‡ª,Germany,30,3,UN-WOMEN
NLD,NL,ğŸ‡³ğŸ‡±,Netherlands,10,1,UN-WOMEN
IND,IN,ğŸ‡®ğŸ‡³,India,10,1,UN-WOMEN
CHE,CH,ğŸ‡¨ğŸ‡­,Switzerland,10,1,UN-WOMEN
GBR,GB,ğŸ‡¬ğŸ‡§,United Kingdom,100,1,UN-WOMEN
USA,US,ğŸ‡ºğŸ‡¸,United States,32,6,UN-WOMEN
KEN,KE,ğŸ‡°ğŸ‡ª,Kenya,21,4,UN-WOMEN
AUS,AU,ğŸ‡¦ğŸ‡º,Australia,11,2,UN-WOMEN
DEU,DE,ğŸ‡©ğŸ‡ª,Germany,11,2,UN-WOMEN
PAK,PK,ğŸ‡µğŸ‡°,Pakistan,5,1,UN-WOMEN
TUR,TR,ğŸ‡¹ğŸ‡·,Turkey,5,1,UN-WOMEN
IND,IN,ğŸ‡®ğŸ‡³,India,5,1,UN-WOMEN
NLD,NL,ğŸ‡³ğŸ‡±,Netherlands,5,1,UN-WOMEN
CHE,CH,ğŸ‡¨ğŸ‡­,Switzerland,5,1,UN-WOMEN
DEU,DE,ğŸ‡©ğŸ‡ª,Germany,42,8,WFP
CHE,CH,ğŸ‡¨ğŸ‡­,Switzerland,16,3,WFP
TUR,TR,ğŸ‡¹ğŸ‡·,Turkey,11,2,WFP
GBR,GB,ğŸ‡¬ğŸ‡§,United Kingdom,11,2,WFP
YEM,YE,ğŸ‡¾ğŸ‡ª,Yemen,5,1,WFP
USA,US,ğŸ‡ºğŸ‡¸,United States,5,1,WFP
NLD,NL,ğŸ‡³ğŸ‡±,Netherlands,5,1,WFP
IRL,IE,ğŸ‡®ğŸ‡ª,Ireland,5,1,WFP
USA,US,ğŸ‡ºğŸ‡¸,United States,35,7,WFP
TUR,TR,ğŸ‡¹ğŸ‡·,Turkey,5,1,WFP
FRA,FR,ğŸ‡«ğŸ‡·,France,5,1,WFP
MDA,MD,ğŸ‡²ğŸ‡©,Moldova,5,1,WFP
DEU,DE,ğŸ‡©ğŸ‡ª,Germany,5,1,WFP
UGA,UG,ğŸ‡ºğŸ‡¬,Uganda,5,1,WFP
GBR,GB,ğŸ‡¬ğŸ‡§,United Kingdom,5,1,WFP
RUS,RU,ğŸ‡·ğŸ‡º,Russian Federation,5,1,WFP
ESP,ES,ğŸ‡ªğŸ‡¸,Spain,5,1,WFP
UKR,UA,ğŸ‡ºğŸ‡¦,Ukraine,5,1,WFP
TZA,TZ,ğŸ‡¹ğŸ‡¿,Tanzania,5,1,WFP
IRQ,IQ,ğŸ‡®ğŸ‡¶,Iraq,5,1,WFP
JPN,JP,ğŸ‡¯ğŸ‡µ,Japan,5,1,WFP
THA,TH,ğŸ‡¹ğŸ‡­,Thailand,5,1,WFP
USA,US,ğŸ‡ºğŸ‡¸,United States,19,6,WFP
CHE,CH,ğŸ‡¨ğŸ‡­,Switzerland,16,5,WFP
YEM,YE,ğŸ‡¾ğŸ‡ª,Yemen,13,4,WFP
TUR,TR,ğŸ‡¹ğŸ‡·,Turkey,6,2,WFP
DEU,DE,ğŸ‡©ğŸ‡ª,Germany,6,2,WFP
NLD,NL,ğŸ‡³ğŸ‡±,Netherlands,6,2,WFP
SLV,SV,ğŸ‡¸ğŸ‡»,El Salvador,3,1,WFP
MDA,MD,ğŸ‡²ğŸ‡©,Moldova,3,1,WFP
SDN,SD,ğŸ‡¸ğŸ‡©,Sudan,3,1,WFP
FRA,FR,ğŸ‡«ğŸ‡·,France,3,1,WFP
COD,CD,ğŸ‡¨ğŸ‡©,"Congo, The Democratic Republic of the",3,1,WFP
SYR,SY,ğŸ‡¸ğŸ‡¾,Syrian Arab Republic,3,1,WFP
GBR,GB,ğŸ‡¬ğŸ‡§,United Kingdom,3,1,WFP
ITA,IT,ğŸ‡®ğŸ‡¹,Italy,3,1,WFP
TZA,TZ,ğŸ‡¹ğŸ‡¿,Tanzania,3,1,WFP
IRL,IE,ğŸ‡®ğŸ‡ª,Ireland,3,1,WFP
DEU,DE,ğŸ‡©ğŸ‡ª,Germany,33,3,WHO
GBR,GB,ğŸ‡¬ğŸ‡§,United Kingdom,22,2,WHO
KEN,KE,ğŸ‡°ğŸ‡ª,Kenya,22,2,WHO
NLD,NL,ğŸ‡³ğŸ‡±,Netherlands,22,2,WHO
YEM,YE,ğŸ‡¾ğŸ‡ª,Yemen,50,1,WHO
DEU,DE,ğŸ‡©ğŸ‡ª,Germany,50,1,WHO
DEU,DE,ğŸ‡©ğŸ‡ª,Germany,17,5,WHO
GBR,GB,ğŸ‡¬ğŸ‡§,United Kingdom,14,4,WHO
USA,US,ğŸ‡ºğŸ‡¸,United States,10,3,WHO
NGA,NG,ğŸ‡³ğŸ‡¬,Nigeria,10,3,WHO
NLD,NL,ğŸ‡³ğŸ‡±,Netherlands,7,2,WHO
SWE,SE,ğŸ‡¸ğŸ‡ª,Sweden,7,2,WHO
YEM,YE,ğŸ‡¾ğŸ‡ª,Yemen,7,2,WHO
KEN,KE,ğŸ‡°ğŸ‡ª,Kenya,3,1,WHO
IRL,IE,ğŸ‡®ğŸ‡ª,Ireland,3,1,WHO
SRB,RS,ğŸ‡·ğŸ‡¸,Serbia,3,1,WHO
MNG,MN,ğŸ‡²ğŸ‡³,Mongolia,3,1,WHO
BEL,BE,ğŸ‡§ğŸ‡ª,Belgium,3,1,WHO
TUR,TR,ğŸ‡¹ğŸ‡·,Turkey,3,1,WHO
JPN,JP,ğŸ‡¯ğŸ‡µ,Japan,3,1,WHO
POL,PL,ğŸ‡µğŸ‡±,Poland,3,1,WHO
NLD,NL,ğŸ‡³ğŸ‡±,Netherlands,100,1,UN-HABITAT
ISR,IL,ğŸ‡®ğŸ‡±,Israel,31,5,UN-HABITAT
IND,IN,ğŸ‡®ğŸ‡³,India,13,2,UN-HABITAT
NLD,NL,ğŸ‡³ğŸ‡±,Netherlands,13,2,UN-HABITAT
BFA,BF,ğŸ‡§ğŸ‡«,Burkina Faso,6,1,UN-HABITAT
MNG,MN,ğŸ‡²ğŸ‡³,Mongolia,6,1,UN-HABITAT
SWE,SE,ğŸ‡¸ğŸ‡ª,Sweden,6,1,UN-HABITAT
BEL,BE,ğŸ‡§ğŸ‡ª,Belgium,6,1,UN-HABITAT
GBR,GB,ğŸ‡¬ğŸ‡§,United Kingdom,6,1,UN-HABITAT
UGA,UG,ğŸ‡ºğŸ‡¬,Uganda,6,1,UN-HABITAT
USA,US,ğŸ‡ºğŸ‡¸,United States,6,1,UN-HABITAT
CHE,CH,ğŸ‡¨ğŸ‡­,Switzerland,35,9,IOM
NLD,NL,ğŸ‡³ğŸ‡±,Netherlands,23,6,IOM
IND,IN,ğŸ‡®ğŸ‡³,India,12,3,IOM
DEU,DE,ğŸ‡©ğŸ‡ª,Germany,8,2,IOM
THA,TH,ğŸ‡¹ğŸ‡­,Thailand,8,2,IOM
DNK,DK,ğŸ‡©ğŸ‡°,Denmark,4,1,IOM
AUT,AT,ğŸ‡¦ğŸ‡¹,Austria,4,1,IOM
GBR,GB,ğŸ‡¬ğŸ‡§,United Kingdom,4,1,IOM
NOR,NO,ğŸ‡³ğŸ‡´,Norway,4,1,IOM
PHL,PH,ğŸ‡µğŸ‡­,Philippines,39,9,IOM
NLD,NL,ğŸ‡³ğŸ‡±,Netherlands,9,2,IOM
AUT,AT,ğŸ‡¦ğŸ‡¹,Austria,9,2,IOM
MMR,MM,ğŸ‡²ğŸ‡²,Myanmar,9,2,IOM
VNM,VN,ğŸ‡»ğŸ‡³,Vietnam,4,1,IOM
FRA,FR,ğŸ‡«ğŸ‡·,France,4,1,IOM
GBR,GB,ğŸ‡¬ğŸ‡§,United Kingdom,4,1,IOM
CHE,CH,ğŸ‡¨ğŸ‡­,Switzerland,4,1,IOM
ESP,ES,ğŸ‡ªğŸ‡¸,Spain,4,1,IOM
ITA,IT,ğŸ‡®ğŸ‡¹,Italy,4,1,IOM
NOR,NO,ğŸ‡³ğŸ‡´,Norway,4,1,IOM
FIN,FI,ğŸ‡«ğŸ‡®,Finland,4,1,IOM
GBR,GB,ğŸ‡¬ğŸ‡§,United Kingdom,14,8,IOM
USA,US,ğŸ‡ºğŸ‡¸,United States,9,5,IOM
DEU,DE,ğŸ‡©ğŸ‡ª,Germany,9,5,IOM
NLD,NL,ğŸ‡³ğŸ‡±,Netherlands,9,5,IOM
COL,CO,ğŸ‡¨ğŸ‡´,Colombia,5,3,IOM
YEM,YE,ğŸ‡¾ğŸ‡ª,Yemen,5,3,IOM
PHL,PH,ğŸ‡µğŸ‡­,Philippines,5,3,IOM
NOR,NO,ğŸ‡³ğŸ‡´,Norway,5,3,IOM
CHE,CH,ğŸ‡¨ğŸ‡­,Switzerland,4,2,IOM
MNG,MN,ğŸ‡²ğŸ‡³,Mongolia,4,2,IOM
PAK,PK,ğŸ‡µğŸ‡°,Pakistan,4,2,IOM
UKR,UA,ğŸ‡ºğŸ‡¦,Ukraine,4,2,IOM
ESP,ES,ğŸ‡ªğŸ‡¸,Spain,2,1,IOM
SWE,SE,ğŸ‡¸ğŸ‡ª,Sweden,2,1,IOM
IND,IN,ğŸ‡®ğŸ‡³,India,2,1,IOM
MOZ,MZ,ğŸ‡²ğŸ‡¿,Mozambique,2,1,IOM
DNK,DK,ğŸ‡©ğŸ‡°,Denmark,2,1,IOM
BDI,BI,ğŸ‡§ğŸ‡®,Burundi,2,1,IOM
KEN,KE,ğŸ‡°ğŸ‡ª,Kenya,2,1,IOM
CRI,CR,ğŸ‡¨ğŸ‡·,Costa Rica,2,1,IOM
NGA,NG,ğŸ‡³ğŸ‡¬,Nigeria,2,1,IOM
FRA,FR,ğŸ‡«ğŸ‡·,France,2,1,IOM
TUR,TR,ğŸ‡¹ğŸ‡·,Turkey,2,1,IOM
NIC,NI,ğŸ‡³ğŸ‡®,Nicaragua,2,1,IOM
MRT,MR,ğŸ‡²ğŸ‡·,Mauritania,2,1,IOM
AUT,AT,ğŸ‡¦ğŸ‡¹,Austria,2,1,IOM
USA,US,ğŸ‡ºğŸ‡¸,United States,19,7,OCHASDC
GBR,GB,ğŸ‡¬ğŸ‡§,United Kingdom,14,5,OCHASDC
KEN,KE,ğŸ‡°ğŸ‡ª,Kenya,14,5,OCHASDC
NLD,NL,ğŸ‡³ğŸ‡±,Netherlands,8,3,OCHASDC
DEU,DE,ğŸ‡©ğŸ‡ª,Germany,8,3,OCHASDC
AUT,AT,ğŸ‡¦ğŸ‡¹,Austria,8,3,OCHASDC
ROU,RO,ğŸ‡·ğŸ‡´,Romania,6,2,OCHASDC
PER,PE,ğŸ‡µğŸ‡ª,Peru,6,2,OCHASDC
CAF,CF,ğŸ‡¨ğŸ‡«,Central African Republic,3,1,OCHASDC
UGA,UG,ğŸ‡ºğŸ‡¬,Uganda,3,1,OCHASDC
CHE,CH,ğŸ‡¨ğŸ‡­,Switzerland,3,1,OCHASDC
CAN,CA,ğŸ‡¨ğŸ‡¦,Canada,3,1,OCHASDC
DNK,DK,ğŸ‡©ğŸ‡°,Denmark,3,1,OCHASDC
RUS,RU,ğŸ‡·ğŸ‡º,Russian Federation,3,1,OCHASDC
KEN,KE,ğŸ‡°ğŸ‡ª,Kenya,36,4,OCHASDC
PER,PE,ğŸ‡µğŸ‡ª,Peru,18,2,OCHASDC
GBR,GB,ğŸ‡¬ğŸ‡§,United Kingdom,18,2,OCHASDC
MKD,MK,ğŸ‡²ğŸ‡°,North Macedonia,9,1,OCHASDC
AUT,AT,ğŸ‡¦ğŸ‡¹,Austria,9,1,OCHASDC
NLD,NL,ğŸ‡³ğŸ‡±,Netherlands,9,1,OCHASDC
